{"cameraMode":{"drawMode":0,"name":"Shaded","section":"Shading Mode"},"sceneLighting":true,"audioPlay":false,"sceneViewState":{"showFog":true,"showMaterialUpdate":false,"showSkybox":true,"showFlares":true,"showImageEffects":true,"showParticleSystems":true},"in2DMode":false,"pivot":{"x":32.28962707519531,"y":-7.328277587890625,"z":9.339625358581543},"rotation":{"x":-0.12978224456310273,"y":0.17805178463459016,"z":-0.023692477494478227,"w":-0.9751721024513245},"size":3.321347951889038,"orthographic":false}