{"cameraMode":{"drawMode":0,"name":"Shaded","section":"Shading Mode"},"sceneLighting":true,"audioPlay":false,"sceneViewState":{"showFog":true,"showMaterialUpdate":false,"showSkybox":true,"showFlares":true,"showImageEffects":true,"showParticleSystems":true},"in2DMode":false,"pivot":{"x":-0.5329494476318359,"y":-0.8246747255325317,"z":-1.4630608558654786},"rotation":{"x":0.02050299569964409,"y":-0.979060709476471,"z":0.1573067605495453,"w":0.12760703265666963},"size":5.371161460876465,"orthographic":false}