{"cameraMode":{"drawMode":0,"name":"Shaded","section":"Shading Mode"},"sceneLighting":true,"audioPlay":false,"sceneViewState":{"showFog":true,"showMaterialUpdate":false,"showSkybox":false,"showFlares":true,"showImageEffects":true,"showParticleSystems":true},"in2DMode":false,"pivot":{"x":-8.242605209350586,"y":-3.6791341304779054,"z":0.17734360694885255},"rotation":{"x":0.005685050040483475,"y":0.023560306057333947,"z":0.00036040504346601665,"w":-0.9999406337738037},"size":1.009413242340088,"orthographic":false}