{"cameraMode":{"drawMode":0,"name":"Shaded","section":"Shading Mode"},"sceneLighting":false,"audioPlay":false,"sceneViewState":{"showFog":true,"showMaterialUpdate":false,"showSkybox":false,"showFlares":true,"showImageEffects":true,"showParticleSystems":true},"in2DMode":false,"pivot":{"x":772.2527465820313,"y":253.18128967285157,"z":229.32379150390626},"rotation":{"x":-0.009312006644904614,"y":0.032883912324905398,"z":-0.0001592358894413337,"w":-0.9996658563613892},"size":193.70217895507813,"orthographic":false}