{"cameraMode":{"drawMode":0,"name":"Shaded","section":"Shading Mode"},"sceneLighting":false,"audioPlay":false,"sceneViewState":{"showFog":true,"showMaterialUpdate":false,"showSkybox":false,"showFlares":true,"showImageEffects":true,"showParticleSystems":true},"in2DMode":false,"pivot":{"x":-29.728429794311525,"y":2.105102062225342,"z":-0.7478532791137695},"rotation":{"x":0.0595322884619236,"y":0.1200510561466217,"z":-0.007198185659945011,"w":0.9910116195678711},"size":2.300794839859009,"orthographic":false}