{"cameraMode":{"drawMode":0,"name":"Shaded","section":"Shading Mode"},"sceneLighting":false,"audioPlay":false,"sceneViewState":{"showFog":true,"showMaterialUpdate":false,"showSkybox":false,"showFlares":true,"showImageEffects":true,"showParticleSystems":true},"in2DMode":false,"pivot":{"x":1.643087387084961,"y":8.568113327026368,"z":-0.577059268951416},"rotation":{"x":0.11687896400690079,"y":-0.845926821231842,"z":0.2073618471622467,"w":0.4774855673313141},"size":7.004448890686035,"orthographic":false}