{"cameraMode":{"drawMode":0,"name":"Shaded","section":"Shading Mode"},"sceneLighting":false,"audioPlay":false,"sceneViewState":{"showFog":true,"showMaterialUpdate":false,"showSkybox":false,"showFlares":true,"showImageEffects":true,"showParticleSystems":true},"in2DMode":false,"pivot":{"x":105.71560668945313,"y":-0.07863175868988037,"z":243.69631958007813},"rotation":{"x":0.18851180374622346,"y":-0.6674987077713013,"z":0.18043126165866853,"w":0.6973931789398193},"size":1.0712143182754517,"orthographic":false}