{"cameraMode":{"drawMode":0,"name":"Shaded","section":"Shading Mode"},"sceneLighting":true,"audioPlay":false,"sceneViewState":{"showFog":true,"showMaterialUpdate":false,"showSkybox":true,"showFlares":true,"showImageEffects":true,"showParticleSystems":true},"in2DMode":false,"pivot":{"x":-21.776674270629884,"y":18.431562423706056,"z":-2.471745014190674},"rotation":{"x":0.2617475092411041,"y":0.6637355089187622,"z":-0.2684273421764374,"w":0.6472201347351074},"size":10.336136817932129,"orthographic":false}