{"cameraMode":{"drawMode":0,"name":"Shaded","section":"Shading Mode"},"sceneLighting":true,"audioPlay":false,"sceneViewState":{"showFog":true,"showMaterialUpdate":false,"showSkybox":true,"showFlares":true,"showImageEffects":true,"showParticleSystems":true},"in2DMode":false,"pivot":{"x":-19.119770050048829,"y":10.366745948791504,"z":15.491114616394043},"rotation":{"x":0.2073718011379242,"y":0.6487973928451538,"z":-0.19029991328716279,"w":0.7070009112358093},"size":3.8970062732696535,"orthographic":false}