{"cameraMode":{"drawMode":0,"name":"Shaded","section":"Shading Mode"},"sceneLighting":false,"audioPlay":false,"sceneViewState":{"showFog":true,"showMaterialUpdate":false,"showSkybox":false,"showFlares":true,"showImageEffects":true,"showParticleSystems":true},"in2DMode":false,"pivot":{"x":-20.029809951782228,"y":13.09000015258789,"z":21.067371368408204},"rotation":{"x":-0.2063983976840973,"y":0.2897242605686188,"z":-0.06405807286500931,"w":-0.9324805736541748},"size":1.2247449159622193,"orthographic":false}