{"cameraMode":{"drawMode":0,"name":"Shaded","section":"Shading Mode"},"sceneLighting":true,"audioPlay":false,"sceneViewState":{"showFog":true,"showMaterialUpdate":false,"showSkybox":true,"showFlares":true,"showImageEffects":true,"showParticleSystems":true},"in2DMode":false,"pivot":{"x":-37.56397247314453,"y":-9.124332427978516,"z":-21.25886344909668},"rotation":{"x":-0.2063983976840973,"y":0.2897242605686188,"z":-0.06405807286500931,"w":-0.9324805736541748},"size":7.927504539489746,"orthographic":false}